[{"_id":"a-05","_parentId":"co-05","_type":"article","_classes":"","title":"a-05","displayTitle":"","body":""},{"_id":"a-10","_parentId":"co-10","_type":"article","_classes":"","title":"a-10","displayTitle":"","body":""},{"_id":"a-15","_parentId":"co-15","_type":"article","_classes":"","title":"a-15","displayTitle":"","body":"","_assessment":{"_isEnabled":true,"_id":"a-15","_isPercentageBased":true,"_scoreToPass":75,"_includeInTotalScore":true,"_assessmentWeight":1,"_suppressMarking":false,"_allowResetIfPassed":false,"_banks":{"_isEnabled":true,"_split":"2,2","_randomisation":true},"_questions":{"_resetType":"hard","_canShowFeedback":false,"_canShowMarking":false,"_canShowModelAnswer":false},"_isResetOnRevisit":true,"_attempts":"infinite"},"_trickle":{"_isEnabled":true,"_button":{"_isEnabled":true,"text":"Continue","startText":"Continue","finalText":"Continue"}}},{"_id":"a-20","_parentId":"co-15","_type":"article","_classes":"","title":"a-20","displayTitle":"Assessment Results","body":""},{"_id":"a-25","_parentId":"co-20","_type":"article","_classes":"","title":"a-20","displayTitle":"New Scene","body":""}]